topic_id,keyword
1,machine learning
1,neural networks
1,deep learning
1,AI
1,artificial intelligence
1,LLM
1,NLP
1,natural language processing
1,computer vision
2,stocks
2,investment
2,banking
2,finance
2,economy
2,market
2,trading
2,cryptocurrency
2,etf
2,blockchain
2,stock market
2,stock exchange
3,elections
3,policy
3,government
3,politics
3,voting
3,democracy
3,republic
3,political parties
3,political science
3,political theory
3,political philosophy
4,GDP
4,inflation
4,unemployment
4,interest rates
4,economy
4,economic development
4,economic indicators
4,economic policy
4,economic theory
4,economic models
4,CPI
4,PCE
4,Fed
4,FOMC
4,monetary policy
4,fiscal policy
4,Federal Reserve
4,bank
5,innovation
5,software
5,hardware
5,technology
5,startups
5,venture capital
5,Silicon Valley
5,tech
6,medicine
6,wellness
6,nutrition
6,health
6,diet
6,exercise
6,fitness
6,mental health
6,public health
6,healthcare
6,health insurance
6,health policy
7,research
7,experiments
7,theory
7,scientific method
7,hypothesis
7,data analysis
8,football
8,basketball
8,tennis
8,soccer
8,baseball
8,athletics
9,movies
9,music
9,celebrities
9,TV shows
9,concerts
9,awards
10,global
10,international
10,diplomacy
10,foreign policy
10,trade
10,geopolitics
11,entrepreneurship
11,management
11,marketing
11,startups
11,business strategy
11,leadership
12,schools
12,learning
12,teaching
12,education system
12,curriculum
12,pedagogy
13,climate change
13,pollution
13,conservation
13,sustainability
13,renewable energy
13,biodiversity
14,fashion
14,travel
14,food
14,lifestyle
14,wellness
14,leisure
15,editorial
15,commentary
15,perspective
15,opinion pieces
15,analysis
15,critique
16,destinations
16,flights
16,hotels
16,tourism
16,vacations
16,travel guides
17,traditions
17,customs
17,heritage
17,cultural practices
17,festivals
17,rituals
18,law enforcement
18,justice
18,criminal
18,crime prevention
18,legal system
18,policing
19,forecast
19,climate
19,temperature
19,weather patterns
19,meteorology
19,climate change
20,property
20,housing
20,mortgage
20,real estate market
20,home buying
20,property investment
21,trends
21,design
21,clothing
21,fashion industry
21,style
21,apparel
22,recipes
22,cuisine
22,restaurants
22,cooking
22,dining
22,food culture
23,cars
23,trucks
23,motorcycles
23,automotive industry
23,vehicles
23,transportation
24,events
24,chronology
24,biography
24,historical figures
24,historical periods
24,milestones
25,faith
25,belief
25,worship
25,religious practices
25,spirituality
25,doctrine
26,painting
26,sculpture
26,gallery
26,art exhibitions
26,art history
26,visual arts
27,literature
27,novels
27,authors
27,books
27,poetry
27,literary criticism
28,genres
28,artists
28,albums
28,music industry
28,songs
28,concerts
29,films
29,directors
29,actors
29,cinema
29,screenwriting
29,film festivals
30,shows
30,series
30,networks
30,television industry
30,broadcasting
30,TV ratings
31,plays
31,drama
31,performance
31,theater productions
31,playwriting
31,stagecraft
32,video games
32,consoles
32,PC gaming
32,eSports
32,game development
32,gaming culture
33,superheroes
33,manga
33,graphic novels
33,comic books
33,illustrations
33,comic strips
